active_days,decision_threshold,evaluated_days,holding_over_20_sessions_count,holding_over_60_sessions_count,infinite_holding_risk_flag,max_holding_sessions,model_hash,near_threshold_crossing_count,one_session_whipsaw_count,period_end_open_position_count,regime,rolling_trade_count,survivor,threshold_crossing_count,ticker,two_or_less_session_cycle_count,whipsaw_rate
20,0.5913182423435419,751,0,0,False,2,fa692ef7132a1fe6646a893c35bd3045e2532e57e184a47472b9654479c8c494,0,14,0,train,17,False,33,ADMA,17,0.8235294117647058
34,0.5913182423435419,515,0,0,False,2,fa692ef7132a1fe6646a893c35bd3045e2532e57e184a47472b9654479c8c494,0,16,0,stress,25,False,50,ADMA,25,0.64
8,0.5913182423435419,252,0,0,False,1,fa692ef7132a1fe6646a893c35bd3045e2532e57e184a47472b9654479c8c494,0,8,0,oos,8,False,16,ADMA,8,1.0
21,0.5819973368841544,751,0,0,False,2,d2b97861f5892efedc927a46533bec112723216c4a86fdf5d900b486c2d56dc1,0,17,0,train,19,False,38,CRS,19,0.8947368421052632
18,0.5819973368841544,515,0,0,False,1,d2b97861f5892efedc927a46533bec112723216c4a86fdf5d900b486c2d56dc1,0,18,1,stress,18,False,35,CRS,18,1.0
9,0.5819973368841544,252,0,0,False,2,d2b97861f5892efedc927a46533bec112723216c4a86fdf5d900b486c2d56dc1,0,5,0,oos,7,False,14,CRS,7,0.7142857142857143
23,0.5527030625832223,751,0,0,False,2,c65930c51eddc31c9f6ffc5788c8f00b65267125f8a17c1026186eb2ea6b573f,0,19,0,train,21,False,42,ALGT,21,0.9047619047619048
13,0.5527030625832223,515,0,0,False,2,c65930c51eddc31c9f6ffc5788c8f00b65267125f8a17c1026186eb2ea6b573f,0,11,0,stress,12,False,24,ALGT,12,0.9166666666666666
14,0.5527030625832223,252,0,0,False,2,c65930c51eddc31c9f6ffc5788c8f00b65267125f8a17c1026186eb2ea6b573f,0,12,0,oos,13,False,26,ALGT,13,0.9230769230769231
20,0.4741411451398136,751,0,0,False,2,387b98176ce8773da18105831aa5979ed0295a0caa2bf3d6e2ce40b0f2d0ac56,0,14,0,train,17,False,33,AEIS,17,0.8235294117647058
10,0.4741411451398136,515,0,0,False,1,387b98176ce8773da18105831aa5979ed0295a0caa2bf3d6e2ce40b0f2d0ac56,0,10,0,stress,10,False,20,AEIS,10,1.0
9,0.4741411451398136,252,0,0,False,1,387b98176ce8773da18105831aa5979ed0295a0caa2bf3d6e2ce40b0f2d0ac56,0,9,0,oos,9,False,18,AEIS,9,1.0
24,0.5140878828229027,751,0,0,False,2,6812a9ec6dddaf2206cbd3daae413f6362213c640b3ca0c70603c4fd14b4fbfb,0,14,0,train,19,False,38,ARKW,19,0.7368421052631579
16,0.5140878828229027,515,0,0,False,2,6812a9ec6dddaf2206cbd3daae413f6362213c640b3ca0c70603c4fd14b4fbfb,0,10,0,stress,13,False,26,ARKW,13,0.7692307692307693
8,0.5140878828229027,252,0,0,False,2,6812a9ec6dddaf2206cbd3daae413f6362213c640b3ca0c70603c4fd14b4fbfb,0,6,0,oos,7,False,14,ARKW,7,0.8571428571428571
22,0.5127563249001331,751,0,0,False,2,eced1f3b23b9db6003fdb3a4918db12cb48c942f0d4801b86d1358ae63c364ed,0,18,0,train,20,False,39,CBRL,20,0.9
13,0.5127563249001331,515,0,0,False,2,eced1f3b23b9db6003fdb3a4918db12cb48c942f0d4801b86d1358ae63c364ed,0,11,1,stress,12,False,23,CBRL,12,0.9166666666666666
12,0.5127563249001331,252,0,0,False,2,eced1f3b23b9db6003fdb3a4918db12cb48c942f0d4801b86d1358ae63c364ed,0,10,0,oos,11,False,22,CBRL,11,0.9090909090909091
20,0.520745672436751,751,0,0,False,2,e5ff24a44cb1dbf99648efbb79d1b08127352dc10d8fe0499f0674780670cd61,0,18,0,train,19,False,38,BTU,19,0.9473684210526315
15,0.520745672436751,515,0,0,False,2,e5ff24a44cb1dbf99648efbb79d1b08127352dc10d8fe0499f0674780670cd61,0,11,0,stress,13,False,26,BTU,13,0.8461538461538461
13,0.520745672436751,252,0,0,False,2,e5ff24a44cb1dbf99648efbb79d1b08127352dc10d8fe0499f0674780670cd61,0,11,0,oos,12,False,24,BTU,12,0.9166666666666666
22,0.5886551264980027,751,0,0,False,2,5f84a3038dd1ad57f39a317a281e06b98c18bb6cb424fbaa844020640ec4ee1a,0,12,0,train,17,False,34,BB,17,0.7058823529411765
11,0.5886551264980027,515,0,0,False,2,5f84a3038dd1ad57f39a317a281e06b98c18bb6cb424fbaa844020640ec4ee1a,0,9,0,stress,10,False,20,BB,10,0.9
5,0.5886551264980027,252,0,0,False,2,5f84a3038dd1ad57f39a317a281e06b98c18bb6cb424fbaa844020640ec4ee1a,0,3,0,oos,4,False,8,BB,4,0.75
20,0.45,751,0,0,False,1,ef80266edc56e1401ecac4016bd599b5112d756f823e200757d4dc67fb84f06f,0,20,0,train,20,False,40,BN,20,1.0
12,0.45,515,0,0,False,1,ef80266edc56e1401ecac4016bd599b5112d756f823e200757d4dc67fb84f06f,0,12,0,stress,12,False,24,BN,12,1.0
4,0.45,252,0,0,False,1,ef80266edc56e1401ecac4016bd599b5112d756f823e200757d4dc67fb84f06f,0,4,0,oos,4,False,8,BN,4,1.0
21,0.6312649800266311,751,0,0,False,1,16a2ee0f0128605106da565283be2e2c59a5d73acc41beb3c547717648e51ca7,0,21,0,train,21,False,42,ACMR,21,1.0
12,0.6312649800266311,515,0,0,False,1,16a2ee0f0128605106da565283be2e2c59a5d73acc41beb3c547717648e51ca7,0,12,0,stress,12,False,24,ACMR,12,1.0
4,0.6312649800266311,252,0,0,False,1,16a2ee0f0128605106da565283be2e2c59a5d73acc41beb3c547717648e51ca7,0,4,0,oos,4,False,8,ACMR,4,1.0
21,0.45,751,0,0,False,1,0b1996f62668cbb721904d4f2c942edea70d683ac38d66dbe9e4fa26337b247f,0,21,0,train,21,False,42,CARR,21,1.0
17,0.45,515,0,0,False,1,0b1996f62668cbb721904d4f2c942edea70d683ac38d66dbe9e4fa26337b247f,0,17,0,stress,17,False,34,CARR,17,1.0
14,0.45,252,0,0,False,1,0b1996f62668cbb721904d4f2c942edea70d683ac38d66dbe9e4fa26337b247f,0,14,0,oos,14,False,28,CARR,14,1.0
22,0.5966444740346205,751,0,0,False,2,2a6c86d57ae7e75332bd014b7ecea558aa139f8ac2f673a8ec9c35e9489984e9,0,18,0,train,20,False,40,CRK,20,0.9
14,0.5966444740346205,515,0,0,False,2,2a6c86d57ae7e75332bd014b7ecea558aa139f8ac2f673a8ec9c35e9489984e9,0,10,0,stress,12,False,24,CRK,12,0.8333333333333334
8,0.5966444740346205,252,0,0,False,1,2a6c86d57ae7e75332bd014b7ecea558aa139f8ac2f673a8ec9c35e9489984e9,0,8,0,oos,8,False,16,CRK,8,1.0
20,0.5926498002663115,751,0,0,False,2,56640a2e08ea95b18f22b46a8ce77198e3b06e548ce5ca4c431e260fd93c347f,0,14,0,train,17,False,33,CLDX,17,0.8235294117647058
17,0.5926498002663115,515,0,0,False,2,56640a2e08ea95b18f22b46a8ce77198e3b06e548ce5ca4c431e260fd93c347f,0,15,0,stress,16,False,32,CLDX,16,0.9375
3,0.5926498002663115,252,0,0,False,1,56640a2e08ea95b18f22b46a8ce77198e3b06e548ce5ca4c431e260fd93c347f,0,3,0,oos,3,False,6,CLDX,3,1.0
24,0.6885219707057256,751,0,0,False,1,dc7941ba24d7920388389f92575ff6347d49ab1bf007a795eeb7cb795748bcdd,0,24,0,train,24,False,48,ADPT,24,1.0
23,0.6885219707057256,515,0,0,False,2,dc7941ba24d7920388389f92575ff6347d49ab1bf007a795eeb7cb795748bcdd,0,19,0,stress,21,False,42,ADPT,21,0.9047619047619048
12,0.6885219707057256,252,0,0,False,2,dc7941ba24d7920388389f92575ff6347d49ab1bf007a795eeb7cb795748bcdd,0,10,0,oos,11,False,22,ADPT,11,0.9090909090909091
20,0.47280958721704397,751,0,0,False,2,69069e6c5d7f3b8c18e21802d711ba1d734a18afd78ff91337b26492e833c72e,0,16,0,train,18,False,36,BIDU,18,0.8888888888888888
12,0.47280958721704397,515,0,0,False,1,69069e6c5d7f3b8c18e21802d711ba1d734a18afd78ff91337b26492e833c72e,0,12,1,stress,12,False,23,BIDU,12,1.0
10,0.47280958721704397,252,0,0,False,2,69069e6c5d7f3b8c18e21802d711ba1d734a18afd78ff91337b26492e833c72e,0,6,0,oos,8,False,16,BIDU,8,0.75
0,0.45,751,0,0,False,0,27dd92b1e3bca39fceabf378663718b635b983dc9e941f6d305cfb989111324d,0,0,0,train,0,False,0,CEF,0,0.0
0,0.45,515,0,0,False,0,27dd92b1e3bca39fceabf378663718b635b983dc9e941f6d305cfb989111324d,0,0,0,stress,0,False,0,CEF,0,0.0
0,0.45,252,0,0,False,0,27dd92b1e3bca39fceabf378663718b635b983dc9e941f6d305cfb989111324d,0,0,0,oos,0,False,0,CEF,0,0.0
27,0.5780026631158455,751,0,0,False,2,af07349ef39efa21e0bc674cd521e42b1877851aad554f4cce56c809d5e2578d,0,19,0,train,23,False,46,AMD,23,0.8260869565217391
24,0.5780026631158455,515,0,0,False,2,af07349ef39efa21e0bc674cd521e42b1877851aad554f4cce56c809d5e2578d,0,20,0,stress,22,False,44,AMD,22,0.9090909090909091
14,0.5780026631158455,252,0,0,False,2,af07349ef39efa21e0bc674cd521e42b1877851aad554f4cce56c809d5e2578d,0,12,0,oos,13,False,26,AMD,13,0.9230769230769231
22,0.46215712383488683,751,0,0,False,2,533f088311cabb22a012f2c505b1756690d3cd9a7d4e6aceac3c8c22a3b4034a,0,18,0,train,20,False,40,AAP,20,0.9
3,0.46215712383488683,515,0,0,False,1,533f088311cabb22a012f2c505b1756690d3cd9a7d4e6aceac3c8c22a3b4034a,0,3,0,stress,3,False,6,AAP,3,1.0
19,0.46215712383488683,252,0,0,False,2,533f088311cabb22a012f2c505b1756690d3cd9a7d4e6aceac3c8c22a3b4034a,0,15,0,oos,17,False,34,AAP,17,0.8823529411764706
22,0.6578961384820239,751,0,0,False,2,0a67c818c4c43b60cec221789416d434592bc49a29401db29faf54554b6b7309,0,18,0,train,20,False,40,CAPR,20,0.9
25,0.6578961384820239,515,0,0,False,2,0a67c818c4c43b60cec221789416d434592bc49a29401db29faf54554b6b7309,0,21,0,stress,23,False,46,CAPR,23,0.9130434782608695
15,0.6578961384820239,252,0,0,False,2,0a67c818c4c43b60cec221789416d434592bc49a29401db29faf54554b6b7309,0,9,0,oos,12,False,24,CAPR,12,0.75
28,0.4901198402130493,751,0,0,False,2,7fa919d835007ccc51a1516708bedff5d52d105b3af32cb79d59551e4d35d7cf,0,22,0,train,25,False,50,STLD,25,0.88
29,0.4901198402130493,515,0,0,False,2,7fa919d835007ccc51a1516708bedff5d52d105b3af32cb79d59551e4d35d7cf,0,19,0,stress,24,False,48,STLD,24,0.7916666666666666
5,0.4901198402130493,252,0,0,False,1,7fa919d835007ccc51a1516708bedff5d52d105b3af32cb79d59551e4d35d7cf,0,5,0,oos,5,False,10,STLD,5,1.0
20,0.46615179760319575,751,0,0,False,3,93b7893251b40f1c509bab31eada1baa697d37b79c99f5aefb4167b0c3327b55,0,13,0,train,16,False,32,BNTX,15,0.8125
27,0.46615179760319575,515,0,0,False,2,93b7893251b40f1c509bab31eada1baa697d37b79c99f5aefb4167b0c3327b55,0,13,0,stress,20,False,40,BNTX,20,0.65
1,0.46615179760319575,252,0,0,False,1,93b7893251b40f1c509bab31eada1baa697d37b79c99f5aefb4167b0c3327b55,0,1,0,oos,1,False,2,BNTX,1,1.0
21,0.45,751,0,0,False,1,9ba55680e24c03e525724747eae5a7a27a9761bfd9b75f88d75b0bbbfec2b4f6,0,21,0,train,21,False,42,BWXT,21,1.0
15,0.45,515,0,0,False,1,9ba55680e24c03e525724747eae5a7a27a9761bfd9b75f88d75b0bbbfec2b4f6,0,15,0,stress,15,False,30,BWXT,15,1.0
12,0.45,252,0,0,False,1,9ba55680e24c03e525724747eae5a7a27a9761bfd9b75f88d75b0bbbfec2b4f6,0,12,0,oos,12,False,24,BWXT,12,1.0
20,0.6472436750998668,751,0,0,False,3,85f59cb3b87577d0e0b385a15c1ed7475aefa14221c772f0361a39765a0feaae,0,13,0,train,16,False,32,BE,15,0.8125
42,0.6472436750998668,515,0,0,False,3,85f59cb3b87577d0e0b385a15c1ed7475aefa14221c772f0361a39765a0feaae,0,25,0,stress,32,False,63,BE,29,0.78125
38,0.6472436750998668,252,0,0,False,3,85f59cb3b87577d0e0b385a15c1ed7475aefa14221c772f0361a39765a0feaae,0,16,0,oos,26,False,52,BE,24,0.6153846153846154
23,0.5313981358189082,751,0,0,False,1,6d5d6e77b6bc1c013471e4e30434fccdfa7065f2f63a0bc60b6411a672592f2a,0,23,0,train,23,False,46,CLF,23,1.0
17,0.5313981358189082,515,0,0,False,1,6d5d6e77b6bc1c013471e4e30434fccdfa7065f2f63a0bc60b6411a672592f2a,0,17,1,stress,17,False,33,CLF,17,1.0
4,0.5313981358189082,252,0,0,False,1,6d5d6e77b6bc1c013471e4e30434fccdfa7065f2f63a0bc60b6411a672592f2a,0,4,0,oos,4,False,8,CLF,4,1.0
22,0.4967776298268975,751,0,0,False,1,e04be452df8b97d5bad0c8901050e979e3fd1aafe7f47c63f37e9f22951a2db0,0,22,0,train,22,False,44,AVGO,22,1.0
15,0.4967776298268975,515,0,0,False,1,e04be452df8b97d5bad0c8901050e979e3fd1aafe7f47c63f37e9f22951a2db0,0,15,0,stress,15,False,30,AVGO,15,1.0
6,0.4967776298268975,252,0,0,False,1,e04be452df8b97d5bad0c8901050e979e3fd1aafe7f47c63f37e9f22951a2db0,0,6,0,oos,6,False,12,AVGO,6,1.0
21,0.5660186418109188,751,0,0,False,2,088c0b4668fc6f9eee83f1b06217864f0fc2bebb4f32155f6b644e33b6aa65d2,0,19,0,train,20,False,40,ACLS,20,0.95
9,0.5660186418109188,515,0,0,False,1,088c0b4668fc6f9eee83f1b06217864f0fc2bebb4f32155f6b644e33b6aa65d2,0,9,1,stress,9,False,17,ACLS,9,1.0
6,0.5660186418109188,252,0,0,False,1,088c0b4668fc6f9eee83f1b06217864f0fc2bebb4f32155f6b644e33b6aa65d2,0,6,0,oos,6,False,12,ACLS,6,1.0
20,0.5806657789613848,751,0,0,False,2,06b2b68abf3182a6c877acc6bbe0f8d41fb0db91a5bb7e29cd5c4984698c1c2e,0,16,0,train,18,False,36,CSIQ,18,0.8888888888888888
24,0.5806657789613848,515,0,0,False,2,06b2b68abf3182a6c877acc6bbe0f8d41fb0db91a5bb7e29cd5c4984698c1c2e,0,16,0,stress,20,False,40,CSIQ,20,0.8
15,0.5806657789613848,252,0,0,False,2,06b2b68abf3182a6c877acc6bbe0f8d41fb0db91a5bb7e29cd5c4984698c1c2e,0,11,0,oos,13,False,26,CSIQ,13,0.8461538461538461
20,0.5939813581890812,751,0,0,False,1,24b1ca3dda30a1890c10292a3589e83e0422404a2e13b5ee08d1ee3a351973b4,0,20,0,train,20,False,40,CCL,20,1.0
15,0.5939813581890812,515,0,0,False,2,24b1ca3dda30a1890c10292a3589e83e0422404a2e13b5ee08d1ee3a351973b4,0,13,0,stress,14,False,28,CCL,14,0.9285714285714286
5,0.5939813581890812,252,0,0,False,1,24b1ca3dda30a1890c10292a3589e83e0422404a2e13b5ee08d1ee3a351973b4,0,5,0,oos,5,False,10,CCL,5,1.0
21,0.5220772303595206,751,0,0,False,2,73eb8696f4a1cee5970ad99624c64db8eebdb8ff43c4e0d60c634d6fe0e67e46,0,19,0,train,20,False,40,ANET,20,0.95
12,0.5220772303595206,515,0,0,False,1,73eb8696f4a1cee5970ad99624c64db8eebdb8ff43c4e0d60c634d6fe0e67e46,0,12,0,stress,12,False,24,ANET,12,1.0
8,0.5220772303595206,252,0,0,False,2,73eb8696f4a1cee5970ad99624c64db8eebdb8ff43c4e0d60c634d6fe0e67e46,0,6,0,oos,7,False,14,ANET,7,0.8571428571428571
23,0.45,751,0,0,False,2,fafb40d56aaed7f7a584b9b5345bac8f60fd9beca3504877ca5ab1577f843cf6,0,17,0,train,20,False,40,CE,20,0.85
20,0.45,515,0,0,False,2,fafb40d56aaed7f7a584b9b5345bac8f60fd9beca3504877ca5ab1577f843cf6,0,14,0,stress,17,False,34,CE,17,0.8235294117647058
11,0.45,252,0,0,False,2,fafb40d56aaed7f7a584b9b5345bac8f60fd9beca3504877ca5ab1577f843cf6,0,7,0,oos,9,False,18,CE,9,0.7777777777777778
20,0.7045006657789613,751,0,0,False,2,720630467543f5c87805ad5383c7ec646dfa1b028f5606e60bd03d4e06cd26f4,0,16,0,train,18,False,36,AEVA,18,0.8888888888888888
8,0.7045006657789613,515,0,0,False,2,720630467543f5c87805ad5383c7ec646dfa1b028f5606e60bd03d4e06cd26f4,0,6,1,stress,7,False,13,AEVA,7,0.8571428571428571
6,0.7045006657789613,252,0,0,False,1,720630467543f5c87805ad5383c7ec646dfa1b028f5606e60bd03d4e06cd26f4,0,6,0,oos,6,False,12,AEVA,6,1.0
22,0.45,751,0,0,False,2,267858e7bb976d3f0bef5bedef8c72cb1e416a11b642300a09c1310002a7937e,0,20,0,train,21,False,42,CMC,21,0.9523809523809523
21,0.45,515,0,0,False,2,267858e7bb976d3f0bef5bedef8c72cb1e416a11b642300a09c1310002a7937e,0,15,0,stress,18,False,36,CMC,18,0.8333333333333334
9,0.45,252,0,0,False,1,267858e7bb976d3f0bef5bedef8c72cb1e416a11b642300a09c1310002a7937e,0,9,0,oos,9,False,18,CMC,9,1.0
22,0.5673501997336884,751,0,0,False,2,6bdde3a85cf6efef5b45e598e1ad37d33977b86488e153a7dada3d55825478ac,0,18,0,train,20,False,39,AA,20,0.9
16,0.5673501997336884,515,0,0,False,2,6bdde3a85cf6efef5b45e598e1ad37d33977b86488e153a7dada3d55825478ac,0,12,0,stress,14,False,28,AA,14,0.8571428571428571
4,0.5673501997336884,252,0,0,False,1,6bdde3a85cf6efef5b45e598e1ad37d33977b86488e153a7dada3d55825478ac,0,4,0,oos,4,False,8,AA,4,1.0
20,0.6179494007989347,751,0,0,False,1,a18595c1e1c03d31c6d1f7ba276158fe2abd0e45db0a2beb095a91988026721b,0,20,0,train,20,False,40,CAMT,20,1.0
7,0.6179494007989347,515,0,0,False,1,a18595c1e1c03d31c6d1f7ba276158fe2abd0e45db0a2beb095a91988026721b,0,7,0,stress,7,False,14,CAMT,7,1.0
5,0.6179494007989347,252,0,0,False,1,a18595c1e1c03d31c6d1f7ba276158fe2abd0e45db0a2beb095a91988026721b,0,5,0,oos,5,False,10,CAMT,5,1.0
22,0.46348868175765645,751,0,0,False,2,82af528ca867b3cf64ba99b78164279401a728003156ae6173761a66eaba0a04,0,12,0,train,17,False,34,CIEN,17,0.7058823529411765
4,0.46348868175765645,515,0,0,False,1,82af528ca867b3cf64ba99b78164279401a728003156ae6173761a66eaba0a04,0,4,0,stress,4,False,8,CIEN,4,1.0
20,0.46348868175765645,252,0,0,False,2,82af528ca867b3cf64ba99b78164279401a728003156ae6173761a66eaba0a04,0,12,0,oos,16,False,32,CIEN,16,0.75
25,0.5979760319573901,751,0,0,False,1,601d33729d705a014d9650a8bc76972d61d775cfaa69bbcfb672873bd35f7a50,0,25,0,train,25,False,50,COHR,25,1.0
13,0.5979760319573901,515,0,0,False,1,601d33729d705a014d9650a8bc76972d61d775cfaa69bbcfb672873bd35f7a50,0,13,0,stress,13,False,25,COHR,13,1.0
8,0.5979760319573901,252,0,0,False,1,601d33729d705a014d9650a8bc76972d61d775cfaa69bbcfb672873bd35f7a50,0,7,1,oos,7,False,13,COHR,7,1.0
20,0.45,751,0,0,False,2,3e7156d1afcaa58d5d4ba8294e2bb91e2517f1e8763a2a26f67ef48bdd54c39f,0,18,0,train,19,False,38,MPC,19,0.9473684210526315
15,0.45,515,0,0,False,2,3e7156d1afcaa58d5d4ba8294e2bb91e2517f1e8763a2a26f67ef48bdd54c39f,0,11,0,stress,13,False,26,MPC,13,0.8461538461538461
11,0.45,252,0,0,False,2,3e7156d1afcaa58d5d4ba8294e2bb91e2517f1e8763a2a26f67ef48bdd54c39f,0,9,0,oos,10,False,20,MPC,10,0.9
20,0.45,751,0,0,False,1,a70c960fa2937ed5108c59ea56336f7eab1a14908b9b3aa822c54f08580b3441,0,20,0,train,20,False,40,ABEV,20,1.0
14,0.45,515,0,0,False,1,a70c960fa2937ed5108c59ea56336f7eab1a14908b9b3aa822c54f08580b3441,0,14,0,stress,14,False,28,ABEV,14,1.0
1,0.45,252,0,0,False,1,a70c960fa2937ed5108c59ea56336f7eab1a14908b9b3aa822c54f08580b3441,0,1,0,oos,1,False,2,ABEV,1,1.0
21,0.6698801597869507,751,0,0,False,2,a03c3e2d789147ead846d1ce64329939f8f5b42355fa11dde59554cccaabaa10,0,11,0,train,16,False,32,CAN,16,0.6875
13,0.6698801597869507,515,0,0,False,2,a03c3e2d789147ead846d1ce64329939f8f5b42355fa11dde59554cccaabaa10,0,9,0,stress,11,False,22,CAN,11,0.8181818181818182
1,0.6698801597869507,252,0,0,False,1,a03c3e2d789147ead846d1ce64329939f8f5b42355fa11dde59554cccaabaa10,0,1,0,oos,1,False,2,CAN,1,1.0
26,0.45,751,0,0,False,2,4fc447a2184e60286080f2db0b4f8f632f9a39eaa271d12e7471191c1b2194cd,50,24,0,train,25,False,50,BMI,25,0.96
19,0.45,515,0,0,False,2,4fc447a2184e60286080f2db0b4f8f632f9a39eaa271d12e7471191c1b2194cd,36,17,0,stress,18,False,36,BMI,18,0.9444444444444444
7,0.45,252,0,0,False,1,4fc447a2184e60286080f2db0b4f8f632f9a39eaa271d12e7471191c1b2194cd,14,7,0,oos,7,False,14,BMI,7,1.0
26,0.7457789613848202,751,0,0,False,2,3261070adc02a9a9ecc3a3924fa0bca187816b126ff9a37703468ad343d47da5,0,24,0,train,25,False,50,AAOI,25,0.96
14,0.7457789613848202,515,0,0,False,1,3261070adc02a9a9ecc3a3924fa0bca187816b126ff9a37703468ad343d47da5,0,14,0,stress,14,False,28,AAOI,14,1.0
12,0.7457789613848202,252,0,0,False,2,3261070adc02a9a9ecc3a3924fa0bca187816b126ff9a37703468ad343d47da5,0,10,0,oos,11,False,22,AAOI,11,0.9090909090909091
23,0.45,751,0,0,False,1,a093f4a95b0cf72cbd7526e323ce5f4ff465df7528de79ab4bdd3a6966bae7ff,0,23,0,train,23,False,46,C,23,1.0
16,0.45,515,0,0,False,1,a093f4a95b0cf72cbd7526e323ce5f4ff465df7528de79ab4bdd3a6966bae7ff,0,16,0,stress,16,False,32,C,16,1.0
10,0.45,252,0,0,False,1,a093f4a95b0cf72cbd7526e323ce5f4ff465df7528de79ab4bdd3a6966bae7ff,0,10,0,oos,10,False,20,C,10,1.0
20,0.45,751,0,0,False,2,e0e9367119794789c075b6951c86b7db14c51d6f7a638ab6d70b7eb41bc6d2a7,0,10,0,train,15,False,29,BCS,15,0.6666666666666666
18,0.45,515,0,0,False,3,e0e9367119794789c075b6951c86b7db14c51d6f7a638ab6d70b7eb41bc6d2a7,0,7,0,stress,12,False,24,BCS,11,0.5833333333333334
3,0.45,252,0,0,False,1,e0e9367119794789c075b6951c86b7db14c51d6f7a638ab6d70b7eb41bc6d2a7,0,3,0,oos,3,False,6,BCS,3,1.0
24,0.6325965379494007,751,0,0,False,3,c6f43110e595385c2036c556421eba30cfd9ef384557872bbe832c8a063bd293,0,17,0,train,20,False,40,CRMD,19,0.85
24,0.6325965379494007,515,0,0,False,3,c6f43110e595385c2036c556421eba30cfd9ef384557872bbe832c8a063bd293,0,12,0,stress,17,False,34,CRMD,15,0.7058823529411765
3,0.6325965379494007,252,0,0,False,1,c6f43110e595385c2036c556421eba30cfd9ef384557872bbe832c8a063bd293,0,3,0,oos,3,False,6,CRMD,3,1.0
21,0.5060985352862849,751,0,0,False,3,b66c4b50a12a7411727831332b76b3e9d009fad80345128a466a55a0604aa194,0,10,0,train,15,False,30,APA,14,0.6666666666666666
39,0.5060985352862849,515,0,0,False,3,b66c4b50a12a7411727831332b76b3e9d009fad80345128a466a55a0604aa194,0,23,0,stress,30,False,60,APA,28,0.7666666666666667
16,0.5060985352862849,252,0,0,False,2,b66c4b50a12a7411727831332b76b3e9d009fad80345128a466a55a0604aa194,0,6,0,oos,11,False,22,APA,11,0.5454545454545454
22,0.4608255659121172,751,0,0,False,2,c1b5c9e42e304ed159dba7a3bc30b520c429cee3777c05976c94fc1425968e49,0,18,0,train,20,False,40,POWI,20,0.9
13,0.4608255659121172,515,0,0,False,1,c1b5c9e42e304ed159dba7a3bc30b520c429cee3777c05976c94fc1425968e49,0,13,0,stress,13,False,26,POWI,13,1.0
5,0.4608255659121172,252,0,0,False,1,c1b5c9e42e304ed159dba7a3bc30b520c429cee3777c05976c94fc1425968e49,0,5,0,oos,5,False,10,POWI,5,1.0
23,0.5127563249001331,751,0,0,False,2,8fd81022736125d623d78e74829ac15a3b5bad2533b88341f7dbcdcb46fc05c2,0,21,0,train,22,False,43,ARKG,22,0.9545454545454546
9,0.5127563249001331,515,0,0,False,1,8fd81022736125d623d78e74829ac15a3b5bad2533b88341f7dbcdcb46fc05c2,0,9,0,stress,9,False,18,ARKG,9,1.0
8,0.5127563249001331,252,0,0,False,1,8fd81022736125d623d78e74829ac15a3b5bad2533b88341f7dbcdcb46fc05c2,0,8,0,oos,8,False,16,ARKG,8,1.0
22,0.6365912117177097,751,0,0,False,1,cc21f8bdee0ffa97f6dc42252f2434fc9163496942f4a3c11065e7872bc9457b,0,22,0,train,22,False,44,CDE,22,1.0
11,0.6365912117177097,515,0,0,False,1,cc21f8bdee0ffa97f6dc42252f2434fc9163496942f4a3c11065e7872bc9457b,0,11,0,stress,11,False,22,CDE,11,1.0
1,0.6365912117177097,252,0,0,False,1,cc21f8bdee0ffa97f6dc42252f2434fc9163496942f4a3c11065e7872bc9457b,0,1,0,oos,1,False,2,CDE,1,1.0
23,0.5566977363515313,751,0,0,False,2,234ee8ce1f43d0c8a635275b71d4dd2f33c2b9101aaefc5da8f49d12938d79be,0,13,0,train,18,False,36,BELFB,18,0.7222222222222222
30,0.5566977363515313,515,0,0,False,2,234ee8ce1f43d0c8a635275b71d4dd2f33c2b9101aaefc5da8f49d12938d79be,0,20,0,stress,25,False,50,BELFB,25,0.8
16,0.5566977363515313,252,0,0,False,2,234ee8ce1f43d0c8a635275b71d4dd2f33c2b9101aaefc5da8f49d12938d79be,0,10,0,oos,13,False,26,BELFB,13,0.7692307692307693
24,0.45,751,0,0,False,2,bf212b55a65b780f653780e66ed2f318cd305aab6de8bbc5009c3d32be117bbb,44,20,0,train,22,False,44,CAT,22,0.9090909090909091
21,0.45,515,0,0,False,3,bf212b55a65b780f653780e66ed2f318cd305aab6de8bbc5009c3d32be117bbb,26,6,0,stress,13,False,26,CAT,12,0.46153846153846156
10,0.45,252,0,0,False,2,bf212b55a65b780f653780e66ed2f318cd305aab6de8bbc5009c3d32be117bbb,16,6,0,oos,8,False,16,CAT,8,0.75
