all_passed_count,candidate_id,extreme_value_concentration_flag,oos_precision,pooled_passed_count,scope,stress_precision,survivor,survivor_entity_count,ticker,ticker_concentration_flag,ticker_hhi,top3_positive_return_share,top_ticker_passed_share,train_oos_precision_gap,train_precision,train_stress_precision_gap
14,stage2:ALGT:402f72d48c3c,False,0.6666666666666666,,ENTITY,0.3333333333333333,False,,ALGT,,,0.39636440112063465,,0.20833333333333337,0.875,0.5416666666666667
10,stage2:CAT:a752666ee858,False,0.0,,ENTITY,0.0,False,,CAT,,,0.578578619022775,,0.625,0.625,0.625
22,stage2:CEF:fe84c0ad85d8,False,0.0,,ENTITY,0.0,False,,CEF,,,0.5767729071831577,,0.23076923076923078,0.23076923076923078,0.23076923076923078
34,stage2:CMC:4f6ee2739add,False,0.36363636363636365,,ENTITY,0.4,False,,CMC,,,0.236319032944335,,0.5113636363636364,0.875,0.475
16,stage2:FIX:cab7d458767d,False,0.5,,ENTITY,0.2,False,,FIX,,,0.4692125945718651,,0.38888888888888884,0.8888888888888888,0.6888888888888889
14,stage2:MPC:8107accddd2c,False,0.0,,ENTITY,0.5,False,,MPC,,,0.4883976058100636,,0.75,0.75,0.25
17,stage2:PLXS:c33a9dcf246c,False,0.4,,ENTITY,0.3333333333333333,False,,PLXS,,,0.3147619707994277,,0.37777777777777777,0.7777777777777778,0.4444444444444445
10,stage2:POWI:6c2e3e5c874b,False,0.0,,ENTITY,0.5,False,,POWI,,,0.5491974211199919,,0.75,0.75,0.25
18,stage3:AA:9bf08eb287d2,False,0.5,,ENTITY,0.5,False,,AA,,,0.35916377232126856,,0.125,0.625,0.125
28,stage3:AAOI:5fa4b9dea9eb,False,0.5,,ENTITY,0.5454545454545454,False,,AAOI,,,0.447657693446509,,0.42307692307692313,0.9230769230769231,0.3776223776223777
13,stage3:ABEV:9121d29b2b80,False,0.0,,ENTITY,1.0,False,,ABEV,,,0.42307958333386303,,0.125,0.125,-0.875
24,stage3:ACLS:91f65753d85d,False,1.0,,ENTITY,0.7,False,,ACLS,,,0.25445562396141186,,-0.19999999999999996,0.8,0.10000000000000009
18,stage3:ACMR:44c1e02681c4,False,0.6666666666666666,,ENTITY,0.5,False,,ACMR,,,0.38874748917682034,,0.20833333333333337,0.875,0.375
25,stage3:ADMA:42437a3ee595,False,0.4444444444444444,,ENTITY,0.875,False,,ADMA,,,0.3026662462406196,,0.4305555555555556,0.875,0.0
14,stage3:ADPT:78c31f1ca209,False,0.5,,ENTITY,0.6666666666666666,False,,ADPT,,,0.4639030585901515,,0.5,1.0,0.33333333333333337
9,stage3:AEIS:6e26f08a7c6d,False,1.0,,ENTITY,0.0,False,,AEIS,,,0.47557340612342913,,-0.25,0.75,0.75
23,stage3:AES:2bd518bc9a7e,False,0.5,,ENTITY,0.3333333333333333,False,,AES,,,0.35446156088568986,,-0.05555555555555558,0.4444444444444444,0.1111111111111111
23,stage3:AEVA:3c4e598fa5c7,False,0.75,,ENTITY,0.6666666666666666,False,,AEVA,,,0.25778963891406415,,0.25,1.0,0.33333333333333337
20,stage3:ALGT:aec5dd5b1dc1,False,0.5,,ENTITY,0.75,False,,ALGT,,,0.30827889762323163,,0.25,0.75,0.0
21,stage3:AMD:a01b055a1d13,False,0.5,,ENTITY,0.5,False,,AMD,,,0.31150528205080685,,0.2777777777777778,0.7777777777777778,0.2777777777777778
20,stage3:AMSC:57bf3f342f43,False,0.8,,ENTITY,0.8,True,,AMSC,,,0.37504254214153926,,0.19999999999999996,1.0,0.19999999999999996
14,stage3:AMZN:bdc7a3a74814,False,0.3333333333333333,,ENTITY,0.0,False,,AMZN,,,0.5611640214772691,,0.041666666666666685,0.375,0.375
13,stage3:ANET:fe220620802b,False,0.5,,ENTITY,0.0,False,,ANET,,,0.4180204209170516,,0.375,0.875,0.875
13,stage3:APA:692dd6626ba8,False,0.5,,ENTITY,0.6666666666666666,False,,APA,,,0.38360024842166823,,0.375,0.875,0.20833333333333337
21,stage3:ARKW:296c057b4ef7,False,0.2857142857142857,,ENTITY,0.0,False,,ARKW,,,0.34435331449266987,,0.5142857142857143,0.8,0.8
17,stage3:AVAV:3d66945d7c65,False,0.75,,ENTITY,0.6,True,,AVAV,,,0.32130973451111366,,-0.125,0.625,0.025000000000000022
11,stage3:AVGO:e4fd3cee2402,False,0.5,,ENTITY,1.0,False,,AVGO,,,0.46126409212403047,,0.25,0.75,-0.25
19,stage3:AXON:25b116de3cd4,False,0.0,,ENTITY,0.125,False,,AXON,,,0.43965130543154696,,0.5,0.5,0.375
19,stage3:BB:f1bdfe7f8ad9,True,0.5,,ENTITY,0.4,False,,BB,,,0.6168254734980784,,0.375,0.875,0.475
23,stage3:BBIO:82c4a7aa36a9,False,0.42857142857142855,,ENTITY,0.6,False,,BBIO,,,0.316424019320746,,0.5714285714285714,1.0,0.4
18,stage3:BE:b07b2e49fef8,False,0.8888888888888888,,ENTITY,0.0,False,,BE,,,0.4069070271910753,,0.0,0.8888888888888888,0.8888888888888888
18,stage3:BELFB:b031f5add884,False,0.5,,ENTITY,0.4,False,,BELFB,,,0.526658722505847,,0.2777777777777778,0.7777777777777778,0.37777777777777777
16,stage3:BIDU:926c6f7918c9,False,0.2,,ENTITY,0.0,False,,BIDU,,,0.5871462791615111,,0.425,0.625,0.625
11,stage3:BMA:0c978464f9dd,False,0.0,,ENTITY,0.0,False,,BMA,,,0.5029505130741582,,0.875,0.875,0.875
23,stage3:BN:d264957fe5f6,False,0.0,,ENTITY,0.16666666666666666,False,,BN,,,0.35033052482618104,,0.4,0.4,0.23333333333333336
17,stage3:BTU:ecfcb41f1be2,False,1.0,,ENTITY,0.5,False,,BTU,,,0.5458763306815463,,-0.4444444444444444,0.5555555555555556,0.05555555555555558
20,stage3:BWXT:f195725cb792,False,0.5,,ENTITY,0.4,False,,BWXT,,,0.2641224332287975,,0.05555555555555558,0.5555555555555556,0.15555555555555556
16,stage3:C:8d6430f3dfbc,False,0.0,,ENTITY,0.5,False,,C,,,0.394123447544602,,0.4444444444444444,0.4444444444444444,-0.05555555555555558
16,stage3:CAPR:a51d615a0ff1,False,1.0,,ENTITY,0.6,False,,CAPR,,,0.3508450423698224,,0.0,1.0,0.4
16,stage3:CBRE:30fdb7f6db1e,False,0.0,,ENTITY,0.0,False,,CBRE,,,0.46522076807983176,,0.36363636363636365,0.36363636363636365,0.36363636363636365
26,stage3:CBRL:677767a0b6a9,False,0.5,,ENTITY,0.45454545454545453,False,,CBRL,,,0.2665992067642329,,0.2777777777777778,0.7777777777777778,0.32323232323232326
20,stage3:CC:520ee91feeea,False,0.8,,ENTITY,0.6,False,,CC,,,0.40458664413481654,,0.0,0.8,0.20000000000000007
15,stage3:CIEN:2ed675d30868,False,0.0,,ENTITY,0.0,False,,CIEN,,,0.4738061768541039,,0.5,0.5,0.5
20,stage3:CIGI:2067519c6762,False,0.16666666666666666,,ENTITY,0.4,False,,CIGI,,,0.34379326268050375,,0.16666666666666666,0.3333333333333333,-0.06666666666666671
14,stage3:CLDX:99264f63b69d,False,1.0,,ENTITY,0.5,False,,CLDX,,,0.3964633501100155,,-0.125,0.875,0.375
15,stage3:CLF:869ed9e90afb,False,1.0,,ENTITY,0.6,False,,CLF,,,0.3608439101176918,,-0.625,0.375,-0.22499999999999998
12,stage3:COHR:10ef1bf6b0d1,False,0.6666666666666666,,ENTITY,1.0,False,,COHR,,,0.4564385977106268,,0.20833333333333337,0.875,-0.125
11,stage3:CRS:8695c9ce3320,False,0.0,,ENTITY,0.3333333333333333,False,,CRS,,,0.5916288007442538,,0.5,0.5,0.16666666666666669
11,stage3:CSIQ:030ce2015af8,True,0.0,,ENTITY,0.6666666666666666,False,,CSIQ,,,0.627069275601967,,0.625,0.625,-0.04166666666666663
38,stage3:CVNA:8d8594e95b89,False,0.5454545454545454,,ENTITY,0.4,False,,CVNA,,,0.32078866763700936,,0.4545454545454546,1.0,0.6
18,stage3:CW:81ce9154b422,False,0.3333333333333333,,ENTITY,0.3333333333333333,False,,CW,,,0.4050682165408328,,-0.3333333333333333,0.0,-0.3333333333333333
23,stage3:DB:3fddd15661db,False,0.3333333333333333,,ENTITY,0.2857142857142857,False,,DB,,,0.3806973713896597,,0.06666666666666671,0.4,0.11428571428571432
22,stage3:DBRG:5eba9682ac09,False,0.0,,ENTITY,0.3333333333333333,False,,DBRG,,,0.41528387648418597,,0.875,0.875,0.5416666666666667
31,stage3:DDOG:6c41f43018cf,False,0.1,,ENTITY,0.5555555555555556,False,,DDOG,,,0.24627236265618072,,0.9,1.0,0.4444444444444444
14,stage3:DELL:47ee59ff823b,True,0.0,,ENTITY,0.0,False,,DELL,,,0.7113695060700692,,0.7777777777777778,0.7777777777777778,0.7777777777777778
20,stage3:DHI:3d6a4f6f0b99,False,0.375,,ENTITY,0.25,False,,DHI,,,0.43973645178869036,,0.5,0.875,0.625
21,stage3:DLTR:9f4d686fbc80,False,0.2,,ENTITY,0.125,False,,DLTR,,,0.35613862652526546,,0.175,0.375,0.25
,,,,37,SURVIVOR_POOL,,True,2,,True,0.5032870708546384,,0.5405405405405406,,,
