oos_mi_rank,feature,origin,family,coverage_pct,pearson_train,pearson_stress,pearson_oos,spearman_oos,mi_bits_oos,mi_entropy_fraction_oos,sign_stable,univariate_strength,redundancy_reference,retention_recommendation,proposed_group,reason
2,mean_range3_pct,EXPANSION,VOLATILITY,100.00000000,0.21186477,0.21720155,0.17573615,0.20238711,0.03035016,0.03035036,True,STRONG,mean_range5_pct (OOS r=0.9475),DROP_REDUNDANT,,더 강한 대표 지표와 고상관 또는 파생 중복
4,intraday_range_d1_pct,EXPANSION,VOLATILITY,100.00000000,0.18843829,0.18977575,0.16375481,0.19185568,0.02728169,0.02728187,True,STRONG,true_range_d1_pct (OOS r=0.9338),DROP_REDUNDANT,,더 강한 대표 지표와 고상관 또는 파생 중복
10,realized_vol5_pct,EXPANSION,VOLATILITY,100.00000000,0.15485428,0.16913336,0.06987338,0.12606055,0.01189940,0.01189948,True,MODERATE,single_up_day5_pct (OOS r=0.9427),DROP_REDUNDANT,,더 강한 대표 지표와 고상관 또는 파생 중복
22,volume_ratio5_inclusive,EXPANSION,VOLUME,99.99868248,0.02900446,0.00733694,0.03915171,0.04135344,0.00232506,0.00232507,True,WEAK,volume_ratio5_prior (OOS r=0.9079),DROP_REDUNDANT,,더 강한 대표 지표와 고상관 또는 파생 중복
24,volume_chg3_pct,EXPANSION,VOLUME,99.99604743,0.02339266,-0.01320314,0.03388622,0.04345772,0.00197455,0.00197456,False,WEAK,volume_ratio5_prior (OOS r=0.9582),DROP_REDUNDANT,,더 강한 대표 지표와 고상관 또는 파생 중복
26,range_vs_range5,EXPANSION,VOLATILITY,99.99472991,0.02719976,0.01367666,0.04358051,0.04642282,0.00173957,0.00173958,True,WEAK,range_vs_range20 (OOS r=0.8900),DROP_REDUNDANT,,더 강한 대표 지표와 고상관 또는 파생 중복
30,volume_z20_prior,EXPANSION,VOLUME,100.00000000,0.02194374,0.01200580,0.03247978,0.03444578,0.00107906,0.00107907,True,WEAK,volume_ratio20_prior (OOS r=0.9349),DROP_REDUNDANT,,더 강한 대표 지표와 고상관 또는 파생 중복
31,volume_ratio10_prior,EXPANSION,VOLUME,100.00000000,0.01644704,-0.00201140,0.03279196,0.03113671,0.00101061,0.00101062,False,WEAK,volume_ratio20_prior (OOS r=0.9555),DROP_REDUNDANT,,더 강한 대표 지표와 고상관 또는 파생 중복
35,volume_surge_2_0,EXPANSION,VOLUME,100.00000000,0.00734576,-0.00215532,0.01992075,0.01992075,0.00028744,0.00028744,False,WEAK,volume_ratio5_inclusive derived flag,DROP_REDUNDANT,,더 강한 대표 지표와 고상관 또는 파생 중복
37,volume_surge_1_5,EXPANSION,VOLUME,100.00000000,0.02046783,0.00485136,0.01717429,0.01717429,0.00021291,0.00021291,True,WEAK,volume_ratio5_inclusive derived flag,DROP_REDUNDANT,,더 강한 대표 지표와 고상관 또는 파생 중복
9,atr14_pct_chg1,EXPANSION,VOLATILITY,100.00000000,0.03040709,0.02216546,0.03469393,0.01928871,0.01221098,0.01221106,True,WEAK,,DROP_WEAK,,OOS 효과가 약하거나 regime 부호가 불안정
15,cumulative_ret5_pct,EXISTING_12,PRICE_PATH,100.00000000,-0.00746476,-0.01446415,0.00347386,-0.01949936,0.00651522,0.00651526,False,WEAK,,DROP_WEAK,,OOS 효과가 약하거나 regime 부호가 불안정
16,bb_width20_chg1_pctpoint,EXPANSION,VOLATILITY,100.00000000,0.00961820,0.02547643,0.00531359,-0.01007402,0.00527188,0.00527192,True,WEAK,,DROP_WEAK,,OOS 효과가 약하거나 regime 부호가 불안정
17,ret_d5_pct,EXISTING_12,PRICE_PATH,100.00000000,0.01221732,-0.00737608,0.00492047,0.00363156,0.00398155,0.00398157,False,WEAK,,DROP_WEAK,,OOS 효과가 약하거나 regime 부호가 불안정
18,ret_d2_pct,EXISTING_12,PRICE_PATH,100.00000000,0.00084593,-0.01004889,0.00411061,-0.00930267,0.00393298,0.00393300,False,WEAK,,DROP_WEAK,,OOS 효과가 약하거나 regime 부호가 불안정
19,ret_d3_pct,EXISTING_12,PRICE_PATH,100.00000000,-0.02019270,-0.00517550,-0.00057531,-0.00571464,0.00352309,0.00352311,True,WEAK,,DROP_WEAK,,OOS 효과가 약하거나 regime 부호가 불안정
21,ret_d4_pct,EXISTING_12,PRICE_PATH,100.00000000,-0.00329476,-0.00857213,0.00962727,0.00129693,0.00256702,0.00256703,False,WEAK,,DROP_WEAK,,OOS 효과가 약하거나 regime 부호가 불안정
27,volume_ma5_vs20_ratio,EXPANSION,VOLUME,100.00000000,0.01073527,0.04588769,0.00179352,-0.00851452,0.00140139,0.00140140,True,WEAK,,DROP_WEAK,,OOS 효과가 약하거나 regime 부호가 불안정
33,realized_vol5_vs20,EXPANSION,VOLATILITY,99.01185771,0.00841921,0.03952688,-0.01077106,-0.01048389,0.00078921,0.00078922,False,WEAK,,DROP_WEAK,,OOS 효과가 약하거나 regime 부호가 불안정
34,up_days5,EXISTING_12,PRICE_PATH,100.00000000,-0.03367013,-0.03698035,-0.02112425,-0.01941318,0.00062737,0.00062738,True,WEAK,,DROP_WEAK,,OOS 효과가 약하거나 regime 부호가 불안정
36,days_since_high5,EXISTING_12,PRICE_PATH,100.00000000,0.02654455,0.03757053,0.01799435,0.01862712,0.00027080,0.00027080,True,WEAK,,DROP_WEAK,,OOS 효과가 약하거나 regime 부호가 불안정
1,atr14_pct,EXPANSION,VOLATILITY,100.00000000,0.23049807,0.22181698,0.17800837,0.20600717,0.03367210,0.03367232,True,STRONG,,KEEP_CORE,G2_VOLATILITY_REGIME,OOS 단변량 정보량/상관이 유효하고 그룹 의미가 분명
3,mean_range5_pct,EXPANSION,VOLATILITY,100.00000000,0.21565294,0.22330482,0.17489070,0.19923181,0.02987781,0.02987801,True,STRONG,,KEEP_CORE,G2_VOLATILITY_REGIME,OOS 단변량 정보량/상관이 유효하고 그룹 의미가 분명
5,true_range_d1_pct,EXPANSION,VOLATILITY,100.00000000,0.17460477,0.17526551,0.14339629,0.18771288,0.02624263,0.02624280,True,STRONG,,KEEP_CORE,G3_RANGE_EXPANSION,OOS 단변량 정보량/상관이 유효하고 그룹 의미가 분명
6,realized_vol20_pct,EXPANSION,VOLATILITY,99.01185771,0.19912662,0.19029500,0.08526529,0.17505589,0.02508889,0.02508905,True,STRONG,,KEEP_CORE,G2_VOLATILITY_REGIME,OOS 단변량 정보량/상관이 유효하고 그룹 의미가 분명
8,bb_width20_pct,EXPANSION,VOLATILITY,100.00000000,0.16303673,0.15951172,0.11565969,0.14187895,0.01693073,0.01693084,True,STRONG,,KEEP_CORE,G2_VOLATILITY_REGIME,OOS 단변량 정보량/상관이 유효하고 그룹 의미가 분명
11,pullback_from_high5_pct,EXISTING_12,PRICE_PATH,100.00000000,0.13035551,0.14082108,0.10321900,0.12110069,0.01090482,0.01090489,True,STRONG,,KEEP_CORE,G1_PULLBACK_SETUP,OOS 단변량 정보량/상관이 유효하고 그룹 의미가 분명
13,single_up_day5_pct,EXISTING_12,PRICE_PATH,100.00000000,0.11158552,0.11635725,0.04684751,0.08157355,0.00798684,0.00798689,True,MODERATE,,KEEP_CORE,G2_VOLATILITY_REGIME,OOS 단변량 정보량/상관이 유효하고 그룹 의미가 분명
14,fade_after_surge_score,EXISTING_12,PRICE_PATH,100.00000000,0.10864736,0.12369555,0.05978530,0.09228578,0.00733344,0.00733349,True,MODERATE,,KEEP_CORE,G1_PULLBACK_SETUP,OOS 단변량 정보량/상관이 유효하고 그룹 의미가 분명
7,realized_vol10_pct,EXPANSION,VOLATILITY,99.67061924,0.18399129,0.18630825,0.07914177,0.15936620,0.02007086,0.02007099,True,STRONG,,KEEP_GROUP_ONLY,,단독 효과는 약하거나 비선형이나 상쇄 경계/확인 축으로 유지
12,ret_d1_pct,EXISTING_12,PRICE_PATH,100.00000000,-0.00747376,-0.00592767,-0.01249935,-0.03916657,0.01070871,0.01070878,True,WEAK,,KEEP_GROUP_ONLY,G1_PULLBACK_SETUP,단독 효과는 약하거나 비선형이나 상쇄 경계/확인 축으로 유지
20,range_vs_atr14,EXPANSION,VOLATILITY,100.00000000,0.04611888,0.04966046,0.05932588,0.06217600,0.00319087,0.00319089,True,WEAK,,KEEP_GROUP_ONLY,G3_RANGE_EXPANSION,단독 효과는 약하거나 비선형이나 상쇄 경계/확인 축으로 유지
23,range_vs_range20,EXPANSION,VOLATILITY,99.99472991,0.04060901,0.03666709,0.04755064,0.04965625,0.00210345,0.00210347,True,WEAK,,KEEP_GROUP_ONLY,G3_RANGE_EXPANSION,단독 효과는 약하거나 비선형이나 상쇄 경계/확인 축으로 유지
25,close_pos5,EXISTING_12,PRICE_PATH,100.00000000,-0.03187538,-0.04136706,-0.04837136,-0.04843609,0.00195265,0.00195266,True,WEAK,,KEEP_GROUP_ONLY,G1_PULLBACK_SETUP,단독 효과는 약하거나 비선형이나 상쇄 경계/확인 축으로 유지
28,volume_ratio5_prior,EXPANSION,VOLUME,99.99868248,0.02092113,-0.00895907,0.03176925,0.03796416,0.00132627,0.00132628,False,WEAK,,KEEP_GROUP_ONLY,G4_VOLUME_CONFIRMATION,단독 효과는 약하거나 비선형이나 상쇄 경계/확인 축으로 유지
29,volume_chg1_pct,EXPANSION,VOLUME,99.99077734,0.01948952,-0.01498886,0.02318850,0.02558553,0.00123688,0.00123689,False,WEAK,,KEEP_GROUP_ONLY,G4_VOLUME_CONFIRMATION,단독 효과는 약하거나 비선형이나 상쇄 경계/확인 축으로 유지
32,volume_ratio20_prior,EXPANSION,VOLUME,100.00000000,0.01637651,0.00527577,0.03221086,0.03025602,0.00098240,0.00098241,True,WEAK,,KEEP_GROUP_ONLY,G4_VOLUME_CONFIRMATION,단독 효과는 약하거나 비선형이나 상쇄 경계/확인 축으로 유지
