hash,rank_train,train_fitness,pass_2022,pass_2023,pass_2024,pass_2025H2,general_pass_count,survives_all4,2022_exp,2022_dd,2022_trades,2022_member,2023_exp,2023_dd,2023_trades,2023_member,2024_exp,2024_dd,2024_trades,2024_member,2025H2_exp,2025H2_dd,2025H2_trades,2025H2_member
59d10a89f7035b1d5f3de5291a9a031d18341c0c31dcb58cd464eebb6946ceee,59,-123.62481114305609,False,True,True,True,2,False,-2.3624811143056093,-29.448932315016787,13,83.636364,6.143573479265318,-30.541310640360592,10,66.868687,1.9159742487538707,-22.0190297503097,11,96.363636,4.927961211056722,-28.465148585733672,12,78.484848
9e820638a2daf69c4ce2184c590227a09b97493645a5672fa8ef92cd183b2fb1,75,-122.66421444623994,False,True,True,True,2,False,-2.2664214446239934,-46.334262224893315,20,79.494949,6.96091039050585,-9.488454230075272,7,88.080808,2.163739343449151,-8.402155231696977,6,97.878788,4.3725724073631005,-11.668346126391484,18,90.10101
85b572e470a0c5d914876fa046d0eaf3ea2885a4db1123cf9402c40b6228e644,90,-150.0,False,True,True,True,2,False,-5.6087406244633575,-40.160446996243515,7,12.727273,1.780776656653624,-21.28064437825261,9,36.767677,1.2658911768700838,-26.461049711252624,8,94.848485,3.525226030870386,-26.547176000639837,16,68.787879
b0e2f65eacb4fcc2eb5578971cc9a5ccc19c3b551fe0fc1fe481d71beb1353b3,58,43.321742645840345,True,True,False,False,2,False,2.144311960194479,-7.612145030757041,10,99.292929,1.002075927855578,-11.101524860533898,6,34.494949,-2.2980321604889076,-32.440979018495845,6,35.050505,-0.7299155592821887,-28.665834501728593,14,4.444444
3dee55cecb0ccfef710994af178becd8c3bc65f71a4c2d17419f4dfbe66476fe,1,-145.2276498969299,False,True,False,True,1,False,-4.52276498969299,-71.89435161152231,15,15.959596,3.775272365157457,-24.50262087572507,8,45.555556,-0.037159774848940806,-28.133944443417796,12,86.666667,5.048729430667753,-20.876102586198982,12,87.878788
0159bec9e00af157dae76573308a0334625ad3852cac8075734e8fb28974f805,2,-121.78245924642412,False,True,False,True,1,False,-2.1782459246424124,-49.49770900959084,19,83.535354,5.9970270325392185,-42.205308667825356,11,60.353535,-1.1598347064615793,-43.68554975235081,12,57.878788,4.674646291941551,-20.126813147715666,16,84.69697
0f785ba0c2a7ffda1d8155721a31a52086e2a9d861c544a4714177d87fe5a9f2,4,-126.10525586285759,False,True,False,True,1,False,-2.610525586285759,-39.7620711566512,17,72.626263,8.04051782675441,-31.039748606067604,9,88.383838,-1.943547969022085,-42.460604761033586,14,35.555556,4.709277879180343,-14.600026263963883,15,84.494949
17d1b96c1525b1500d57d593aced69f6dfbc17dddc289ab62f4c564d2809ac1f,5,-131.39509533708664,False,True,False,True,1,False,-3.139509533708665,-52.6237063563507,19,56.969697,6.922821922518254,-31.039748606067604,11,82.171717,-1.400079904872265,-41.22812651147267,13,51.515152,3.1973403071818383,-26.37743764805854,16,63.838384
235647054857cdff0ccf96db60cfb28c35987c9dacb72b9260dd4bbae6047b01,6,-138.82833663091913,False,True,False,True,1,False,-3.8828336630919127,-61.39130846235582,17,28.686869,6.839812173377898,-31.039748606067604,10,77.424242,-2.0611007242624657,-42.04524261013644,13,31.414141,2.032912792843679,-27.685108702454606,16,38.989899
29fa6a7e3876dbe90a6ca2f0100120490c424c78e5d026e5a29546f71c370ceb,7,-123.72894598444809,False,True,False,True,1,False,-2.3728945984448093,-50.352975022683744,22,78.383838,6.210671789669084,-42.20530866782534,11,66.161616,-2.6253836695772748,-41.09698265221986,13,19.69697,3.536989736462676,-21.05957907634405,17,72.222222
44e30564237770c20a2d4c15608734f2e47549bf6c4e44492d9620ce332f1a63,10,-136.8013480079266,False,True,False,True,1,False,-3.680134800792661,-54.0564667818063,18,40.10101,6.094643614407332,-42.088172017063755,9,60.858586,-1.1065908372319282,-35.88025665461802,11,64.292929,3.6903942197548716,0.0,16,83.989899
45acdb51caa9d5e46afdac76e0693131a97bd796d96ab2cd9def445585c39fcf,11,-129.34730519577712,False,True,False,True,1,False,-2.934730519577712,-42.58137398337117,16,67.474747,6.253743742792711,-42.20530866782534,10,66.565657,-1.7425499133614923,-45.083602018997595,13,37.777778,1.7803357770486685,-34.02174457584518,15,26.464646
50583fbc886f5a04d9635d3c022a6b100a86f03f0b36f80c7e37cae35b0b9122,12,-143.45939055060614,False,True,False,True,1,False,-4.345939055060613,-95.38973949275557,23,14.949495,6.232413904150875,-34.77869784701349,11,70.0,-1.0365414659948653,-42.10036122486955,12,69.292929,2.2272198611178475,-15.938989646627284,15,52.828283
5ed0267d3394b9626ef55708dd9d7a7cceef2dabaf3ccd39915e7ad6aa8c50de,13,-131.39509533708664,False,True,False,True,1,False,-3.139509533708665,-52.6237063563507,19,56.767677,6.922821922518254,-31.039748606067604,11,82.171717,-1.4000799048722645,-41.22812651147267,13,51.818182,4.916669796462111,-14.600026263963883,14,92.474747
6e46056d994b8ef91750c3732a25d804fec241b37e1fed0109b61a0e1dde0853,14,-123.0772377898105,False,True,False,True,1,False,-2.307723778981049,-37.350748585038176,17,80.505051,4.704401975628547,-34.77869784701348,12,52.171717,-1.658434192127727,-42.23914256044638,12,42.020202,2.350395093179298,-33.91310124451377,16,41.919192
700ac4a88f009243bc420738a2c14a3f28276420a8a95b6fe0cae0cd9ca75bbd,15,-144.8386962672688,False,True,False,True,1,False,-4.483869626726881,-88.45698796872105,21,15.757576,2.7865137257602157,-43.44700996854585,12,33.636364,-0.7433271420047153,-40.036777694048546,12,74.444444,2.2916276417827692,-21.059579076344043,17,52.323232
725662e8900f449b88c66f5d2f12267d477ab43364ea4a84c600e71f3d518b9b,16,-133.78804784408567,False,True,False,True,1,False,-3.3788047844085685,-51.417518401378274,18,52.020202,6.151660987741397,-42.205308667825356,11,65.0,-1.1818492151867233,-43.84405421517185,12,56.565657,2.8136789338192147,-21.05957907634405,15,61.616162
8d2f3b5af2f8d40442714f98361b56e1cd9895e5cbdf0f2ddf1eeef4f65e07d2,17,-122.82147564670767,False,True,False,True,1,False,-2.282147564670767,-42.64422504056038,21,84.343434,9.357136288024359,-42.205308667825335,8,86.919192,-0.6727664614825741,-37.84073081260274,12,75.050505,1.937860144756649,-39.375303395677875,16,31.818182
929cbe92d98882fbe3cd109ace17d04846fe0de7063ccfd6b03287f2a5f06991,18,-134.40415043653883,False,True,False,True,1,False,-3.440415043653882,-48.711207083561625,17,48.282828,7.699263276907077,-42.088172017063755,8,79.040404,-1.1543118834903128,-35.60146980907203,11,65.0,2.1113161258119266,-19.12744485513292,17,47.424242
a94ba3d0ef6ac3e261885b2ee6d72c230a193dcfdcc94dcfaaa23bc2021d150a,19,-145.76578832652893,False,True,False,True,1,False,-4.576578832652895,-68.02599149654486,17,14.141414,7.664529628724192,-42.088172017063755,8,77.929293,-1.1555298602426367,-35.60146980907203,11,64.494949,2.4244989076130934,-41.844840300023975,16,40.707071
aa1f7b830b32b4df42259b91d2d5c1322c2d2f32778cdb20274fca96da5f8c84,20,-138.09203465063572,False,True,False,True,1,False,-3.8092034650635718,-60.3591323078216,17,32.121212,5.423659512649819,-31.039748606067604,12,60.20202,-1.446076279561223,-41.720409740548455,13,50.40404,1.8764033526295463,-27.822587177113576,16,32.828283
b88fd688dad662260ef0ae8cd28373bad1885a524918962cad1a9b1a42f2b486,22,-130.321630842318,False,True,False,True,1,False,-3.0321630842318,-44.14029501783658,16,60.606061,6.824293065664393,-42.20530866782535,9,68.686869,-1.7844667558228042,-43.84405421517185,12,38.282828,2.71368372002131,-20.126813147715666,15,58.434343
c00c7c67f8f89e7c71ec67e5042618d2052ce01d8c74064365de6f5ece961fb2,23,-115.76526284404262,False,True,False,True,1,False,-1.5765262844042627,-28.275459632159517,18,89.090909,6.889152598663934,-31.039748606067604,10,79.393939,-1.4777718376966646,-36.92654742819839,14,50.707071,2.5055933990724575,-25.58823791902868,15,48.080808
c3b959d1b9124e642d9bbcdebb79b5e4bd9d40e5cfc0f746834e40e8b0cbde17,24,-139.6915577717996,False,True,False,True,1,False,-3.96915577717996,-62.85878440185263,17,26.111111,6.839812173377898,-31.039748606067604,10,78.434343,-2.0611007242624653,-42.04524261013645,13,31.161616,3.2239939254693857,-27.362398976008734,16,63.434343
c878fca1363e0fc31b4220a56d97580b4325f7e339ce6072f50c0b44ba879dde,25,-135.87381361739423,False,True,False,True,1,False,-3.5873813617394226,-70.40938782476522,20,38.585859,4.558918534144498,-37.660899176233556,13,47.171717,-0.7623702054522783,-35.01306721977205,15,67.878788,1.25787436844102,-14.354437232884543,21,31.010101
cd804bdedd552271eeebc7907a87e0d82dd3cf93210ff775a33e725047d629f6,26,-139.6915577717996,False,True,False,True,1,False,-3.96915577717996,-62.85878440185262,17,26.010101,6.839812173377899,-31.039748606067604,10,79.292929,-2.002371605545074,-43.28413567235543,14,32.020202,3.2733288725499885,-15.276018447574842,15,66.616162
cf6ea20c85297998014d266e4775ed9974c335aa5af0398779826620f9b1ad3a,27,-138.63908547134645,False,True,False,True,1,False,-3.863908547134645,-78.39407403319478,22,30.505051,5.628780783448537,-43.44700996854584,12,53.535354,-1.073808890666743,-43.84405421517185,12,64.646465,1.4055581944270734,-34.97502103012201,17,20.40404
d27617a591e2cfd4432dea0fa2840240e41edbd52cf1c01cf43c06958105ef9f,28,-131.2136309490627,False,True,False,True,1,False,-3.121363094906268,-63.062532932968644,20,53.232323,1.230086215152667,-34.33963189586811,12,31.919192,-1.7156284038404888,-45.13511596106379,16,37.676768,1.4135789201681823,-24.210676959814837,15,24.646465
d6f36658b4f911c5d1d0890e9314ef12d6fa5bb454378c0e9903d9c4652341dd,29,-125.25583566275893,False,True,False,True,1,False,-2.5255835662758925,-54.06513804280907,22,77.474747,6.109055468301867,-42.205308667825335,11,61.767677,-0.6727664614825738,-37.840730812602736,12,74.848485,1.920206466656705,-21.05957907634405,17,38.484848
e0bcb71ec2a2410bb67b667a74d74eaff862c267d189109a853b332bfea153c7,30,-134.42455437467174,False,True,False,True,1,False,-3.4424554374671748,-47.91907968958418,16,49.89899,6.085379593140562,-42.088172017063755,10,59.141414,-0.39908453122584714,-35.3290977761841,11,82.020202,3.992240213114189,-25.772985995621795,15,75.050505
f42fd11152c5fc9a9bf4179616cc0ecf62d47b18af87777ee170fbd72335ae9d,31,-142.4154464340298,False,True,False,True,1,False,-4.24154464340298,-88.52758616927939,22,16.767677,5.9714681676633115,-34.77869784701348,10,60.959596,-1.7306328449424377,-42.75897286071229,12,39.393939,3.086994912942455,-16.20521780028625,15,63.686869
f590ab31c3df9a9b9d9ec6ab66222095132ae3cb9f48178d25c1f3e6babc1b8b,32,-132.74788638642167,False,True,False,True,1,False,-3.2747886386421685,-50.39539575673176,16,51.717172,5.432465316139876,-31.039748606067604,12,62.121212,-1.4000799048722652,-41.22812651147267,13,49.393939,3.411512430659544,-19.35554439358308,15,67.474747
f92648223abfe3ccc740aa8ba03658aac2b3d8d0cadc7e66d16543fa21e796e4,33,-144.3114080969221,False,True,False,True,1,False,-4.431140809692208,-70.93206716650842,17,14.343434,5.023294677297527,-31.939631789945174,13,56.666667,-1.3206714595231852,-41.38663097429371,13,56.969697,2.9252416187161194,-15.276018447574842,18,68.131313
87a913c19a265c5bfee4e1960956c6b217bf57c403c551585ebd6db414a6472c,34,-129.65537169822784,False,True,False,True,1,False,-2.965537169822784,-42.41566875144957,16,64.848485,3.4538241641464253,-42.20530866782534,12,40.606061,-1.301192512486674,-44.837099358876095,12,56.060606,3.0147029998931743,-22.64264474033685,15,54.646465
26b7cd8970420713e9af245c87a883b414bce5f3fdc9029ffa53d2b7f0589960,35,-125.28662193570284,False,True,False,True,1,False,-2.528662193570283,-68.05032979601248,29,72.727273,8.321925931710586,-42.20530866782535,8,82.828283,-0.775774517462609,-38.419428973591906,12,71.717172,3.702292468433652,-20.126813147715666,16,76.616162
0c099bfc55e0bc0474d764ca4292faa4712bc7d55bb69cc93bc4575fe37b116d,36,-136.00218212530007,False,True,False,True,1,False,-3.6002182125300055,-31.871686497115057,11,42.828283,5.335452917002441,-42.205308667825356,11,51.060606,-1.3488795028719895,-45.40934324349989,12,52.626263,3.3560867494887883,-29.25340450274541,16,63.434343
071157f3afc0b8f6dd1eedeacd79ec5357352b688b8bb5189c330fb7f16ef737,37,-136.08798789566225,False,True,False,True,1,False,-3.6087987895662264,-56.845940411031044,16,46.161616,5.662837323369723,-51.05334644814495,10,52.121212,0.007047205799536347,-30.044532570241103,11,88.282828,1.8677127611185935,-47.88495894886148,15,28.686869
836dbe170e29f27eef72055c4b2a01ee0bbab2157b47cb709aa3b6e6799bb558,39,-133.32957857557005,False,True,False,True,1,False,-3.3329578575570054,-50.37273650610256,18,52.929293,6.111745131023653,-42.20530866782535,11,61.717172,-1.1824519019451556,-43.41221203237788,12,59.292929,1.8770036762273132,-38.70918906284729,15,29.59596
e3012de27b20b73b979f00e4c1e8d012add0591e346ab47aa886b50b5937fe12,40,-138.11130616052887,False,True,False,True,1,False,-3.811130616052886,-77.01342233744852,22,32.323232,7.334857402628581,-42.205308667825356,10,79.040404,-1.273323053498215,-44.50266585101459,12,53.838384,3.5267998054119447,-21.05957907634405,16,76.262626
17a0ccdfe30e872f782be8a217d54693003e3b7a66c163db0c4df153040d82f8,44,-134.0110550994694,False,True,False,True,1,False,-3.401105509946938,-45.45575021489316,14,49.89899,7.288229550962344,-31.039748606067604,10,83.131313,-1.6343969154583227,-45.94252056279684,13,41.717172,2.4402695680960065,-21.242706570170476,14,47.474747
7fc3fb8571ef1327f4d0534a3badc944c02f3637ff78d9675e89d235d8376aa1,45,-113.63001634136825,False,True,False,True,1,False,-1.3630016341368243,-35.58126877670035,18,90.20202,7.591882986466517,-31.039748606067604,10,86.363636,-0.30020768898241906,-35.88025665461802,12,83.181818,3.227885935977135,-19.16141091480352,13,73.131313
2b3681691649b8415170f39cbbe42856822e07c6ab8f76c9fb24f0d0f1f7133e,46,-139.8984159703956,False,True,False,True,1,False,-3.9898415970395593,-67.20028493650535,18,25.252525,1.8183862423386417,-34.19087859073055,9,33.888889,-1.5048383790599287,-42.04524261013645,13,48.535354,2.310855891211764,-26.575046424749374,16,43.131313
e7d7bf35eb1e23b6022e9a38eb5f96618a99da331a35af1edadaa3f83f346894,50,-127.58656661312605,False,True,False,True,1,False,-2.758656661312605,-56.26579416514988,21,67.070707,7.729035971219039,-38.43364158043598,10,85.050505,-2.986886543092543,-41.45862942761953,12,18.080808,1.6768994850255015,-23.316553259015183,16,36.565657
ef4a993928edb1ac5595a65e58e99cf4726938ee9460b5361b868d9dfebf3227,51,-117.79230085561916,False,True,False,True,1,False,-1.779230085561916,-44.58337794801272,20,85.454545,3.723237192405995,-29.269889035840187,11,48.585859,-5.195585694066192,-71.25647791021834,13,2.525253,1.5128578704620825,-39.50058333040561,18,22.222222
dbd771f97182faf4b4e621d273eb0482137c0eb502d30ed18f10943651dd8457,52,-137.3805561764042,False,True,False,True,1,False,-3.7380556176404207,0.0,2,36.414141,4.60052396310583,-24.63722663633033,6,50.707071,-1.530513668771834,-42.37902137639121,13,47.070707,2.527075704907298,-16.56685015481947,14,55.454545
7776921fabf5d56dc5138e657e1e7c197dcdd8daf25489f5e82b08f63355f188,57,-129.48283699759008,False,True,False,True,1,False,-2.948283699759007,-46.242836736692524,18,64.040404,6.381977729326729,-28.56861273926522,12,78.686869,-0.6101400512168844,-43.16098189154062,18,71.616162,3.6180086270439507,-14.600026263963876,16,82.020202
91a880f22b22b96ebed607a108953835a52a320b0f03d7c375df4c77ae1e3f01,62,-126.78276892976625,False,True,False,True,1,False,-2.6782768929766245,-47.582943975864495,20,70.40404,3.1123020350970103,-31.03974860606761,14,42.828283,-2.382730418718275,-47.16931826593454,16,22.020202,3.1803300195314064,-1.1100622777052322,16,73.535354
4b51851b71741b4389d14fdf2c8b4ed1fc626b67e6a217407d45a67ce8e675b4,64,-130.7546685949481,False,True,False,True,1,False,-3.075466859494809,-31.506356848637807,13,68.484848,1.169708988820989,-40.788801346327574,9,31.818182,0.6463439702369584,-24.225725696505616,11,93.838384,7.772790901149496,-9.36195779664176,10,96.767677
89fd7650d604683ea5754f75daa8b525baf4c6907d13e9a30123638efbb629f3,65,-134.47665372211068,False,True,False,True,1,False,-3.4476653722110693,-60.97978234623126,19,45.454545,4.615446527604077,-31.06581543231899,11,53.636364,0.02612565959855552,-36.109358443429315,17,86.363636,1.7480686055773893,-32.01972226304607,17,33.131313
59b1cca3af8f80b979775e6db30e9134534d6744a08df030b63244d6c312b66a,66,-127.04102283336167,False,True,False,True,1,False,-2.7041022833361663,-39.99239691068515,13,74.040404,4.656349655554084,-39.00208026045709,9,45.959596,-3.309897284838489,-50.799658286674955,10,16.363636,9.305344683320373,-20.820465643436705,11,93.737374
7aaccf0e591152d6785b611ee0dad4de44a08885afaf4ddb81322739b3da707b,69,-136.81050422647695,False,True,False,True,1,False,-3.6810504226476963,-66.53854555710733,17,36.363636,5.686867649962793,-42.978405122642314,10,53.939394,-2.0291033549230706,-50.081282925539256,12,32.121212,1.6745496606556913,-19.12744485513292,20,35.40404
9f1e14f0e67c133342ed94af259ee853d69ec07f5eb6dcfd3a4ced66ba6116f6,72,-129.68105035896295,False,True,False,True,1,False,-2.968105035896295,-56.404184990377416,19,64.949495,5.6419618662060005,-42.23274104252529,12,51.818182,-0.6951673709282716,-41.27033966969813,13,71.212121,3.812886645174073,-20.126813147715666,17,79.646465
c16567749479871c72b00c22ab6d8c2b0deebe79f46d3631021ff2437a24da3e,73,-137.93223069271934,False,True,False,True,1,False,-3.7932230692719346,-61.55147076124321,19,36.161616,4.850176937450858,-42.232741042525284,12,46.414141,-0.63966631207263,-34.08422211709972,16,78.686869,3.4585706858254412,-21.05957907634405,16,70.707071
0f9ecdaaae9e99b125a76855fd268a49dfd61a722183d7ec85009b9c8f5040cc,76,-135.8849912481522,False,True,False,True,1,False,-3.58849912481522,-60.94842349640611,18,39.79798,6.924257625835585,-42.232741042525284,10,74.79798,-2.257309763140119,-41.45028779031358,13,30.40404,2.5358147484936713,-20.126813147715666,16,55.40404
33f5600e9402a6bb285dcaae0375ca8b5e04e181adcf8dfc2fe90fe847cc87d2,77,-129.55883130373326,False,True,False,True,1,False,-2.9558831303733246,-68.14898118244676,22,61.212121,1.9313059118228357,-42.10628921218762,16,32.323232,-2.354510501422363,-43.96690802324709,15,23.838384,0.2761238978805902,-23.992278451173796,18,14.343434
0d2aab72b7abd2fdff3131cd6138ce3c7e815f903e2ac07e42244dd1c4c94a55,78,-133.72080498927386,False,True,False,True,1,False,-3.3720804989273843,-69.56890716619574,22,41.919192,2.4804750437522842,-35.01253236797906,15,36.969697,-2.5053301781510413,-48.04142628530709,16,18.484848,1.962027233511059,-24.63125843873197,18,39.191919
3be0146752b8c508fc39f6ee161bcf12c18ad402501b12a14ed5b17ed801994e,79,-122.28438119945096,False,True,False,True,1,False,-2.228438119945097,-31.038146108914837,16,77.474747,2.3601770532819266,-33.10116343309009,16,37.474747,-2.4690764078261043,-49.03117974293419,17,19.191919,0.34725117776722225,-25.37138952387992,16,15.151515
1f8b6a6c00a4389a1cbfa36db475cd77661d24468214350126454501b50e7175,80,-149.54693037425122,False,True,False,True,1,False,-4.9546930374251215,-30.627420849550738,6,16.868687,6.567386930831965,-9.488454230075272,5,81.515152,-1.4425682185397097,-29.9434040070697,7,56.565657,4.713831437458963,-9.992350676401372,12,92.424242
11631363f1d7e4adf7f99278229a618a6dfec42dfac792a7594b07c1ba09be02,81,-150.0,False,True,False,True,1,False,-15.792584487267645,0.0,1,10.050505,12.815646876017334,-28.311674840721118,6,92.525253,-6.5856567810151665,-40.45505646574643,6,7.272727,1.6303151325325802,-19.918433412186996,11,28.989899
3d95c2698b989cbd257b08c0627ae509441ad6f92864233869207fddd617edc6,82,-141.02672040629994,False,False,True,True,1,False,-4.102672040629994,-18.139019701654426,4,25.252525,-4.294595802537637,-9.488454230075273,2,12.171717,7.13778330024266,0.0,5,99.79798,4.297245222031095,-16.20521780028625,11,85.10101
f9715c5691cdbb057461b7c9766ab8bb9e36f66cb87f08b9d9ccaff7df756c51,83,-104.21377394070224,False,True,False,True,1,False,-0.4213773940702238,-1.0108844120447926,4,93.838384,2.6526900679596723,-11.101524860533898,5,43.989899,-6.083694339978597,-32.44097901849585,5,9.090909,2.570851606299597,-22.55182315341588,16,53.030303
67ab1f5090e97b317c4df56409ee9bec2c2e7a98f4ab567376ef02242d513361,92,-125.22328866667337,False,True,False,True,1,False,-2.522328866667338,-44.67811598334475,17,74.949495,6.369593347012563,-29.146848694402074,5,69.59596,-0.6397313349709917,-32.80550129638811,10,78.686869,3.0760504939395377,-1.1100622777052305,10,71.515152
e4c45944e97e8bad8cbf324240b43826ef844d2d6e45b81b6760f557fd93c257,94,-150.0,False,True,False,True,1,False,-7.797284876449909,-30.438344040632458,5,11.616162,14.180979444322945,-9.989725886369058,6,98.686869,-2.0929402468889102,-16.54440654458908,7,34.949495,1.1842324613693007,-28.320638574117034,13,18.181818
9ad28dd95cd14d4af02aae86d377b646748f0350988f2580e2b09ff5b33213ed,96,-130.22731492802805,False,True,False,True,1,False,-3.022731492802805,-38.00160455339872,10,63.131313,4.6606895804516055,-9.488454230075272,6,54.949495,-3.1411207575664943,-23.608686495673293,7,22.323232,2.645920707144228,-0.0999874999999939,15,66.060606
05fcefa4c9513d460e33e7ee097c3e1e0fe888fe639d28a01a8bf4c7aa2fc517,98,-138.26624079447834,False,True,False,True,1,False,-3.826624079447834,-78.50007113726623,22,36.363636,5.186852426412416,-44.60846850910244,13,47.373737,-3.1733629906282124,-52.01379417134559,13,16.363636,7.071646543393726,-11.908955541979935,14,92.828283
3bfcde9489cd1921e8604e29e169f43a9b544f22f094c677f32aa5d2369698ff,8,-142.96445700783835,False,True,False,False,1,False,-4.296445700783835,-69.65965977738752,18,20.0,3.998771521323874,-31.935394386653943,11,44.141414,-1.1691325045119771,-45.2204824328178,13,58.888889,-0.46306119460442685,-41.41417845901669,21,4.949495
7d7782bb379d406125c6c2846e0f8a3cbc854db7fee506f475cf9caa1d1cba9a,55,-150.0,False,True,False,False,1,False,-6.389787599007593,-36.99779935233815,7,12.121212,2.603518276068283,-39.78811779391998,14,35.858586,-3.348300083708573,-61.832527278000434,16,9.89899,-0.6656269518754,-45.495061516500236,19,3.535354
3de8d2a8e4e13259e9b011803c25b872e001f18eabb8e2dce6abf6cc6d1203a4,56,-140.1748714464467,False,True,False,False,1,False,-4.01748714464467,-83.59765329014702,21,21.717172,1.038769140333165,-36.18429084148375,12,29.292929,-1.560224292933017,-40.81728878644977,15,42.626263,-0.9068154350068617,-46.44572711380291,23,1.414141
3257c4e3d2b827315c756512d6e98ad8880e387199787a233fe544d039037c5c,93,-133.22906377494508,False,True,False,False,1,False,-3.3229063774945087,-57.27446514801449,19,48.888889,4.058641130132987,-40.403710369530764,18,50.808081,-1.9375340496341837,-61.47300606366551,20,32.525253,-0.19483927339857068,-51.9554954698391,28,5.353535
05435f28e7f57c692c3a02691b9b02f99cb2d3615d99fe49bea494db9c6fbe04,3,-135.59918038529236,False,False,False,True,0,False,-3.5599180385292346,-55.23959347572307,16,37.070707,-0.4086297452796746,-35.644907669798584,11,19.393939,-1.0105209178389059,-26.978061299274586,13,71.919192,2.6639641377158347,-37.74813657695229,17,44.141414
42aead445825d8338b09f04147914de586aedbbff57edb7269ccf47eb5d4ae7e,9,-144.8161584505266,False,False,False,True,0,False,-4.4816158450526595,-91.71934475922099,22,13.737374,-0.18829868326558866,-42.38425601349141,11,17.474747,-1.962322143021601,-43.75486425645025,12,33.232323,4.272855836403518,-21.099061786805862,18,83.737374
acb2c5bf4e94668636432748b7e87f1a648f53920e1025cb5e5d38e7472b92dd,21,-143.44546507352007,False,False,False,True,0,False,-4.344546507352008,-89.97728099794372,22,16.060606,-0.34390049208401735,-37.27505467104271,9,19.494949,-2.4202195656543646,-51.669852893697794,13,22.070707,3.3405027510018077,-17.72477374160315,18,71.313131
1dad3d70c1414c1a8f40e982e10dfe2a695fc43fc622c87b3aea0aa2b65f7e9a,38,-134.60522885821362,False,False,False,True,0,False,-3.460522885821362,-56.625142645131085,17,41.414141,0.8780406535362043,-37.64804376973056,13,27.676768,-1.3933255043615493,-44.92139106288076,15,50.505051,2.908256202850263,-11.65248766459915,17,62.323232
591895e3411443a3652d9c44c0e8bfc88585eab8d871b88905784586e89537a9,41,-145.937235753688,False,False,False,True,0,False,-4.593723575368799,-68.02197201508194,16,9.89899,-1.807785992097169,-36.54727554445584,12,14.040404,-0.9527519419322251,-29.060706660648858,15,72.121212,0.7184980514495055,-47.071053469859805,18,13.131313
a4ae9e8e6cec28757f2201856942879a8e362d06db9c5973244529e0e722497a,42,-143.51125925083875,False,False,False,True,0,False,-4.351125925083875,-18.717592439698088,6,20.707071,-1.0456490764024025,-34.52790075030737,13,17.878788,-3.065657306235675,-65.3274366720168,16,14.545455,0.21559626174757715,-37.6385589275698,19,11.313131
d2e19611c6105383b0a079376f6631e3b1f4ea49d62daf49c2bb3d15147d3275,47,-125.43508087387994,False,False,False,True,0,False,-2.543508087387994,-40.5156881578115,16,76.969697,0.8105367327277403,-31.224278731764564,11,29.191919,-2.5569044856614767,-49.2165735355364,14,19.191919,0.8040593708672192,-50.29890540859431,18,15.151515
aa40b165862a1534422b5dacd4f0728a3a3a9052e58772983518a237ff68ff8d,48,-126.74819314875683,False,False,False,True,0,False,-2.6748193148756823,-39.362550000079004,15,73.434343,0.34100040997229036,-42.89265751899438,13,20.30303,-3.322542728977412,-52.475058139726826,15,8.989899,0.7459472182674409,-32.02999133947384,20,17.575758
c18ad582830f69a55372c8d801ef43edb46beabdb26967bafbe7928965a7f619,49,-13.91354937732916,False,False,False,True,0,False,1.5265983137228656,-6.929163979623051,4,98.484848,0.4589408328582662,-46.98181036996553,17,21.111111,-0.9657925710137008,-37.27532582838802,20,70.606061,3.7098082289107457,-15.21277587348618,25,79.89899
f4d0b2c4ab677b0b70af1bdb8dba332a02a7e41caf1aa0b784cf49b8eb6e612c,53,-150.0,False,False,False,True,0,False,-7.888552001047541,-54.716620130371304,8,5.555556,0.4457724969495527,-37.299136667355015,11,23.535354,-2.2394596862572973,-51.669852893697794,13,27.222222,4.303365130258354,0.0,17,90.353535
5085e61fae11d316991549407b5179396362c99bb0d97a98af6300f1253f4631,54,-134.92454884410301,False,False,False,True,0,False,-3.4924548844103005,-64.73372528443689,17,43.636364,0.5396124349943695,-45.09817820729742,11,22.222222,0.5476549623259145,-28.899064193060873,16,90.606061,1.8620659175437193,-16.377431771540646,16,35.151515
8ad9802f98f1ba95421313a83fcd51dd0c0d79d66bfab695da53451e789059df,60,-133.54155891667446,False,False,False,True,0,False,-3.3541558916674465,-21.2965700078926,6,52.020202,8.996249461999863,-9.887761746284989,4,94.646465,-1.6858566192038658,-38.93161240417327,7,51.616162,1.9885646466887241,-20.380901165131625,20,47.979798
9e647b3816f15e247b74fbdd755c93bd32b15bc13a2a49c9fcccb47827ff8f00,61,-113.26789264605705,False,False,False,True,0,False,-1.3267892646057047,-33.40436383239059,25,90.40404,-1.6787455787070125,-44.493212917856454,13,10.40404,-2.6244206603511304,-53.73109662605214,19,17.373737,1.9237095017598655,-17.328797658637363,23,40.808081
b285ba7f2e59bb9d3c89aac54ee3dce07a54d40880dd9eeb9c6b0b05d15d919c,63,-124.46688378870732,False,False,False,True,0,False,-2.446688378870731,-43.702514716877204,19,78.181818,-3.5165130142620726,-38.66840824022043,10,8.484848,-4.077236568998643,-62.365920110011366,15,5.252525,0.10693308756470928,-22.91344465344249,18,13.333333
3d8b61c6da2ca31d0facb7c1336fb27b8b9092f012efc1c45daaf0e7c2bd204a,67,-133.3016127976305,False,False,False,True,0,False,-3.3301612797630495,-52.2121891950199,18,56.363636,-2.3908820027004087,-40.453297657063274,11,11.515152,-3.081271227537876,-38.32942595798229,11,18.686869,3.0550164916490257,-20.126813147715666,15,59.545455
ff823d0607b644d4c76d8ec23d6337ef92b7431b167f05c3d1932a7008ad9bbc,70,-128.7763520044972,False,False,False,True,0,False,-2.87763520044972,-60.3844072579394,20,68.282828,-0.12218330648415471,-45.39571472399588,18,17.777778,0.29299427274411305,-22.019029750309695,22,90.0,3.9900345744144436,-18.424201731050168,21,76.363636
dd91d4850e0b7d9795f09109fb2010abf7cbdc343d9c8c306d29b4e6bcf75674,71,-147.14135641333485,False,False,False,True,0,False,-4.714135641333483,-25.299009745801868,5,15.050505,11.81143166543473,-9.488454230075273,3,97.222222,-0.5164326494103625,-28.785205275432542,6,79.090909,3.1667514457527863,-33.6265807427933,9,50.40404
dd8b2959a48d34ad724453ba15dbfc1e664265212a94f6a1ce195463fc5dc1f5,74,-141.18785885530804,False,False,False,True,0,False,-4.118785885530802,0.0,1,24.191919,-12.18787074835465,-22.934194388540448,3,8.282828,0.05386193148437046,-10.845369255980488,6,90.505051,1.0587068977176486,-19.127444855132918,12,26.565657
66af6603fc82a4ee80dc6d55362a0dd20e97064faf8995a3bfbfa929d727c305,84,-140.72759329128505,False,False,False,True,0,False,-4.072759329128505,-10.477417535756974,4,26.666667,2.989267315076523,-3.2749986771614132,4,57.171717,-6.154524686422551,-31.938585564620006,6,8.383838,1.64265387193484,-35.13808449071269,15,22.626263
08f142a2b05c4ec87bd1c4a7090207dd8dce434260f45c803691fc9caf8b4ec8,85,-102.4131715130226,False,False,False,True,0,False,-0.24131715130226108,-19.577117287159055,14,95.353535,9.064180609415349,-9.88776174628499,4,94.242424,-4.214395921594374,-25.40205735062151,5,14.040404,1.9573057013153432,-20.126813147715666,14,37.121212
27f2e8b615f8f78bc258a8e1e8d4003a3d3290053568fd3d809ddc0e85603c08,86,-150.0,False,False,False,True,0,False,-5.06903415772724,-36.72218495127326,7,17.171717,-1.3324734316517195,-30.03284411403351,8,18.080808,0.5984260996097179,-25.62644241642701,9,92.727273,2.3153611133824397,-1.1100622777052287,16,60.30303
375ef364d046c7f2579f6c05895b074f94570ebe42f8aea6cda1eb092b6d9ec0,88,-150.0,False,False,False,True,0,False,-5.998791206860947,-73.8654998036615,13,4.444444,11.064944037107885,-8.88680109431302,3,95.959596,-2.48969640933491,0.0,3,26.363636,2.2549360235112177,-20.54625583217653,5,43.030303
9f88e29b415a0264dd2b0375e4ef11ff77e79544736274f6d710855deb0ba545,89,-131.71833585512965,False,False,False,True,0,False,-3.1718335855129656,-77.11852528709532,21,50.909091,-0.656886991844563,-36.11832912407486,16,18.181818,-0.4345797170411725,-34.73148114322716,19,81.717172,0.15146079324767187,-32.27163767696752,20,10.0
f8074cec538dc17581dce3cbe615e115989db37e60ee70b98aeb060f6d1b77ab,91,-130.04820000486055,False,False,False,True,0,False,-3.004820000486054,-19.58486188220414,6,61.111111,-2.8964648658573386,-13.162760423446402,4,14.545455,-1.9430321397683694,-16.208806482509168,7,39.59596,1.6120071314859246,-20.126813147715666,15,26.616162
9e445f5c70fe2e636d995ba667c41fc4efc0645409ba4a77d43e37f5f0fae6b0,95,-100.0,False,False,False,True,0,False,0.0,0.0,0,77.929293,-6.552676693558613,-20.68314883687816,3,10.30303,-3.604745748910232,-38.097695001506956,10,12.929293,0.18588617844472063,-35.61981132001576,12,10.30303
acf152decc7bf82cc11398aabf24d2191ee79b260d4e081000202549dc26e010,97,-12.669390702800426,False,False,False,True,0,False,0.29908045641185366,-10.396478329006273,4,97.373737,-2.530127367822273,0.0,2,17.020202,-0.5393060642226779,-23.25209576094209,8,83.232323,4.124343985690793,-16.41659301744717,10,74.545455
7248d28d9b8a3aee6c1b03b1382dacd7def8285f9dc71f2e81432fb762bd4341,100,-104.74658769276469,False,False,False,True,0,False,-0.4746587692764688,-19.625587393469054,9,93.333333,-4.049262577036029,-21.823213845197195,5,11.717172,-4.638289007854495,-34.26654830498147,7,10.606061,3.615155178357739,0.0,19,82.575758
149bc67f74f1c1a0e29cd8c0292689603d9a99071aed8b142e42ea6f06810156,43,-137.70670094380472,False,False,False,False,0,False,-3.7706700943804727,-59.48452779426134,17,33.838384,-1.1365138852623808,-34.19087859073055,10,17.020202,-1.336005682986855,-39.85041756118649,13,59.191919,-0.5326175959641762,-38.52846751108997,19,5.353535
7abdc641c73b58ec0ac33f211def87292c9dfe3c7760e11953c67f1a560e2eda,68,-107.734202118436,False,False,False,False,0,False,-0.7734202118435999,-4.1187858855308015,3,89.89899,0.11470304873448102,-29.370245698292635,7,25.858586,0.5840341037373907,-19.427481531975012,7,93.131313,-2.72863715960209,-39.927377215028685,11,0.909091
72e8134f8aabf565e28f02a92b8fd74dfe753bc66ca20b1c821c21ff3bf19807,87,-140.28731789841336,False,False,False,False,0,False,-4.028731789841337,-67.88802239480667,18,20.707071,-3.236029373816633,-48.80805010237821,11,5.959596,-3.7829416879967406,-61.734034656901926,16,6.363636,-0.16796780273720135,-62.68853260004989,19,7.373737
569275734f9a28e80cb9951cb6bedcc846bdcb07d9963caf633cd96e3b42d01c,99,-125.88929321878439,False,False,False,False,0,False,-2.5889293218784397,-25.94820454424937,9,76.464646,-7.164346058404308,0.0,1,10.757576,2.837534441329686,0.0,4,99.090909,7.562182762426968,0.0,3,96.717172
